0 Abortiporus_biennis
1 Achroomyces_disciformis
2 Agaricus_altipes
3 Agaricus_arvensis
4 Agaricus_augustus
5 Agaricus_bernardii
6 Agaricus_bisporus
7 Agaricus_bitorquis
8 Agaricus_campestris
9 Agaricus_comtulus
10 Agaricus_cupreobrunneus
11 Agaricus_impudicus
12 Agaricus_langei
13 Agaricus_lanipes
14 Agaricus_litoralis
15 Agaricus_moelleri
16 Agaricus_porphyrizon
17 Agaricus_dulcidulus
18 Agaricus_sylvaticus
19 Agaricus_sylvicola
20 Agaricus_subfloccosus
21 Agaricus_subperonatus
22 Agaricus_xanthodermus
23 Agrocybe_arvalis
24 Agrocybe_dura
25 Agrocybe_pediades
26 Agrocybe_praecox
27 Aleuria_aurantia
28 Aleurodiscus_amorphus
29 Amanita_ceciliae
30 Amanita_crocea
31 Amanita_excelsa
32 Amanita_franchetii
33 Amanita_fulva
34 Amanita_gemmata
35 Amanita_lividopallescens
36 Amanita_citrina var. citrina
37 Amanita_muscaria
38 Amanita_pantherina
39 Amanita_phalloides var. phalloides 
40 Amanita_porphyria
41 Amanita_rubescens var. rubescens
42 Amanita_strobiliformis
43 Amanita_submembranacea
44 Amanita_vaginata var. vaginata
45 Amanita_virosa
46 Amylostereum_chailletii
47 Amylostereum_laevigatum
48 Antrodia_malicola
49 Antrodia_serialis
50 Antrodiella_serpula
51 Armillaria_mellea
52 Armillaria_ostoyae
53 Arrhenia_acerosa
54 Arrhenia_lobata
55 Arrhenia_retiruga
56 Arrhenia_spathulata
57 Ascocoryne_cylichnium
58 Ascocoryne_sarcoides
59 Ascodichaena_rugosa
60 Ascotremella_faginea
61 Asterophora_lycoperdoides
62 Asterophora_parasitica
63 Aurantiporus_alborubescens
64 Aurantiporus_croceus
65 Aurantiporus_fissilis
66 Aureoboletus_gentilis
67 Auricularia_auricula-judae
68 Auricularia_mesenterica
69 Auriscalpium_vulgare
70 Baeospora_myosura
71 Bankera_violascens
72 Basidioradulum_radula
73 Bispora_antennata
74 Calycina_citrina
75 Bisporella_pallescens
76 Bjerkandera_adusta
77 Bjerkandera_fumosa
78 Bolbitius_titubans
79 Butyriboletus_appendiculatus
80 Imleria_badia
81 Hortiboletus_bubalinus
82 Caloboletus_calopus
83 Boletus_edulis
84 Hemileccinum_impolitum
85 Pseudoboletus_parasiticus
86 Xerocomellus_chrysenteron
87 Boletus_pinophilus
88 Xerocomellus_porosporus
89 Xerocomellus_pruinatus
90 Cyanoboletus_pulverulentus
91 Caloboletus_radicans
92 Boletus_reticulatus
93 Hortiboletus_rubellus
94 Xerocomus_subtomentosus
95 Botryobasidium_aureum
96 Botryobasidium_vagum
97 Botryobasidium_subcoronatum
98 Bovista_nigrescens
99 Bovista_plumbea
100 Brevicellicium_olivascens
101 Buglossoporus_quercinus
102 Bulgaria_inquinans
103 Byssocorticium_atrovirens
104 Byssonectria_terrestris
105 Calloria_neglecta
106 Calocera_cornea
107 Calocera_furcata
108 Calocera_viscosa
109 Calocybe_gambosa
110 Calyptella_campanula
111 Calyptella_capula
112 Calyptella_gibbosa
113 Camarophyllopsis_schulzeri
114 Camarops_polysperma
115 Camarops_tubulina
116 Cantharellus_amethysteus
117 Cantharellus_cibarius
118 Craterellus_cinereus
119 Cantharellus_pallens
120 Capitotricha_bicolor
121 Ceraceomyces_serpens
122 Ceratiomyxa_fruticulosa
123 Ceriporia_excelsa
124 Ceriporia_purpurea
125 Ceriporia_reticulata
126 Ceriporiopsis_resinascens
127 Cerrena_unicolor
128 Chalciporus_piperatus
129 Chamaemyces_fracidus
130 Chlorociboria_aeruginascens
131 Chondrostereum_purpureum
132 Chroogomphus_rutilus
133 Ciboria_caucus
134 Ciboria_rufofusca
135 Clavaria_argillacea
136 Clavaria_fragilis
137 Clavaria_zollingeri
138 Clavariadelphus_pistillaris
139 Claviceps_purpurea
140 Clavulina_rugosa
141 Clavulinopsis_corniculata
142 Clavulinopsis_helvola
143 Clavulinopsis_laeticolor
144 Clavulinopsis_luteoalba
145 Clitocybe_agrestis
146 Clitocybe_alexandri
147 Infundibulicybe_costata
148 Clitocybe_diatreta
149 Clitocybe_ditopus
150 Clitocybe_fragrans
151 Infundibulicybe_geotropa
152 Infundibulicybe_gibba
153 Clitocybe_metachroa
154 Clitocybe_nebularis var. nebularis 
155 Clitocybe_odora var. odora 
156 Clitocybe_phaeophthalma
157 Clitocybe_phyllophila
158 Clitocybe_rivulosa
159 Infundibulicybe_squamulosa
160 Clitocybe_trulliformis
161 Clitocybe_vibecina
162 Clitopilus_hobsonii
163 Clitopilus_prunulus
164 Collybia_cirrhata
165 Collybia_cookei
166 Colpoma_quercinum
167 Coltricia_confluens
168 Coltricia_perennis
169 Coniophora_arida
170 Coniophora_puteana
171 Conocybe_albipes
172 Conocybe_rickenii
173 Conocybe_semiglobata
174 Conocybe_subpubescens
175 Coprinus_comatus
176 Coprinopsis_ephemeroides
177 Coprinopsis_kubickae
178 Cheilymenia_granulata
179 Ophiocordyceps_entomorrhiza
180 Cordyceps_militaris
181 Elaphocordyceps_ophioglossoides
182 Corticium_roseum
183 Cortinarius_acutus
184 Cortinarius_alboviolaceus
185 Cortinarius_alcalinophilus
186 Cortinarius_anomalus
187 Cortinarius_anserinus
188 Cortinarius_aprinus
189 Cortinarius_armillatus
190 Cortinarius_barbatus
191 Cortinarius_bataillei
192 Cortinarius_biformis
193 Cortinarius_bolaris
194 Cortinarius_foetens
195 Cortinarius_caesiocortinatus
196 Cortinarius_calochrous
197 Cortinarius_caninus
198 Cortinarius_caperatus
199 Cortinarius_casimiri
200 Cortinarius_bergeronii
201 Cortinarius_cinnabarinus
202 Cortinarius_cinnamomeus
203 Cortinarius_citrinus
204 Cortinarius_caerulescens
205 Cortinarius_collinitus
206 Cortinarius_comptulus
207 Cortinarius_cotoneus
208 Cortinarius_croceocaeruleus
209 Cortinarius_croceus
210 Cortinarius_danicus
211 Cortinarius_decipiens
212 Cortinarius_delibutus
213 Cortinarius_diasemospermus var. diasemospermus 
214 Cortinarius_elegantissimus
215 Cortinarius_flexipes
216 Cortinarius_flexipes var. flabellus
217 Cortinarius_flexipes var. inolens
218 Cortinarius_helvelloides
219 Cortinarius_hemitrichus
220 Cortinarius_hinnuleus
221 Cortinarius_largus
222 Cortinarius_limonius
223 Cortinarius_elatior
224 Cortinarius_lucorum
225 Cortinarius_malachius
226 Cortinarius_malicorius
227 Cortinarius_mucosus
228 Cortinarius_multiformis
229 Cortinarius_obtusus
230 Cortinarius_olearioides
231 Cortinarius_olivaceofuscus
232 Cortinarius_parvannulatus
233 Cortinarius_pholideus
234 Cortinarius_pratensis
235 Cortinarius_psammocephalus
236 Cortinarius_purpurascens
237 Cortinarius_phoeniceus
238 Cortinarius_quarciticus
239 Cortinarius_raphanoides
240 Cortinarius_rubellus
241 Cortinarius_rufo-olivaceus
242 Cortinarius_sanguineus
243 Cortinarius_saniosus
244 Cortinarius_saturninus
245 Cortinarius_semisanguineus
246 Cortinarius_fusisporus
247 Cortinarius_stillatitius
248 Cortinarius_subporphyropus
249 Cortinarius_subpurpurascens
250 Cortinarius_subtortus
251 Cortinarius_tabularis
252 Cortinarius_talus
253 Cortinarius_tophaceus
254 Cortinarius_torvus
255 Cortinarius_traganus
256 Cortinarius_triumphans
257 Cortinarius_trivialis
258 Cortinarius_turgidus
259 Cortinarius_uliginosus f. uliginosus 
260 Cortinarius_umbrinolens
261 Cortinarius_vernus
262 Cortinarius_violaceus
263 Cortinarius_vulpinus
264 Craterellus_cornucopioides
265 Craterellus_tubaeformis
266 Hericium_cirrhatum
267 Crepidotus_applanatus
268 Crepidotus_calolepis
269 Crepidotus_cesatii
270 Crepidotus_lundellii
271 Crepidotus_luteolus
272 Crepidotus_mollis
273 Crepidotus_variabilis
274 Crinipellis_scabella
275 Cudonia_circinans
276 Cudoniella_acicularis
277 Cyathus_olla
278 Cyathus_striatus
279 Cylindrobasidium_laeve
280 Cystoderma_amianthinum
281 Cystoderma_carcharias
282 Cystodermella_granulosa
283 Cystoderma_jasonis
284 Cystolepiota_adulterina
285 Cystolepiota_bucknallii
286 Cystolepiota_seminuda
287 Dacryobolus_karstenii
288 Dacrymyces_lacrymalis
289 Dacrymyces_stillatus
290 Daedalea_quercina
291 Daedaleopsis_confragosa
292 Daldinia_concentrica
293 Datronia_mollis
294 Delicatula_integrella
295 Dendrothele_acerina
296 Dermoloma_cuneifolium
297 Diatrype_bullata
298 Diatrype_disciformis
299 Diatrypella_quercina
300 Dichomitus_campestris
301 Dictydiaethalium_plumbeum
302 Cinereomyces_lindbladii
303 Disciotis_venosa
304 Dumontinia_tuberosa
305 Elaphomyces_muricatus
306 Encoelia_furfuracea
307 Reticularia_lycoperdon
308 Entoloma_asprellum
309 Entoloma_atrocoeruleum
310 Entoloma_cetratum
311 Entoloma_chalybaeum var. chalybaeum 
312 Entoloma_clypeatum
313 Entoloma_conferendum
314 Entoloma_euchroum
315 Entoloma_sinuatum
316 Entoloma_exile
317 Entoloma_formosum
318 Entoloma_griseocyaneum
319 Entoloma_hebes
320 Entoloma_incanum
321 Entoloma_incarnatofuscescens
322 Entoloma_lanuginosipes
323 Entoloma_lividoalbum
324 Entoloma_mougeotii
325 Entoloma_neglectum
326 Entoloma_nitidum
327 Entoloma_papillatum
328 Entoloma_pleopodium
329 Entoloma_politum
330 Entoloma_prunuloides
331 Entoloma_rhodocalyx
332 Entoloma_rhodopolium
333 Entoloma_scabropellis
334 Entoloma_sepium
335 Entoloma_sericatum
336 Entoloma_sericellum
337 Entoloma_sericeum var. sericeum 
338 Entoloma_serrulatum
339 Entoloma_sordidulum
340 Entoloma_turbidum
341 Entoloma_undatum
342 Entoloma_vernum
343 Eutypa_spinosa
344 Exidia_glandulosa
345 Exidia_pithya
346 Exidia_recisa
347 Exidia_saccharina
348 Exidia_thuretiana
349 Exidiopsis_effusa
350 Exidiopsis_grisea
351 Exobasidium_vaccinii
352 Fistulina_hepatica
353 Flammulaster_granulosus
354 Flammulaster_muricatus
355 Flammulaster_subincarnatus
356 Flammulina_velutipes var. velutipes
357 Fomes_fomentarius
358 Fomitopsis_pinicola
359 Fuligo_leviderma
360 Fuligo_septica var. rufa
361 Fuligo_septica
362 Galerina_cephalotricha
363 Galerina_clavata
364 Galerina_hypnorum
365 Galerina_graminea
366 Galerina_marginata
367 Galerina_paludosa
368 Galerina_pumila
369 Galerina_triscopa
370 Galerina_vittiformis
371 Ganoderma_adspersum
372 Ganoderma_applanatum
373 Ganoderma_lucidum
374 Ganoderma_pfeifferi
375 Ganoderma_resinaceum
376 Geastrum_fimbriatum
377 Geastrum_pectinatum
378 Geastrum_rufescens
379 Geastrum_schmidelii
380 Geastrum_michelianum
381 Geoglossum_cookeanum
382 Geoglossum_elongatum
383 Geoglossum_fallax
384 Geoglossum_umbratile
385 Gloeophyllum_sepiarium
386 Gloeoporus_dichrous
387 Meruliopsis_taxicola
388 Glyphium_elatum
389 Gomphidius_glutinosus
390 Gomphidius_maculatus
391 Gomphidius_roseus
392 Grifola_frondosa
393 Gymnopilus_spectabilis
394 Gymnopilus_picreus
395 Gymnopilus_penetrans
396 Gymnopus_acervatus
397 Gymnopus_aquosus
398 Gymnopus_confluens
399 Gymnopus_dryophilus
400 Gymnopus_erythropus
401 Gymnopus_fagiphilus
402 Gymnopus_fusipes
403 Gymnopus_hariolorum
404 Gymnopus_ocior
405 Gymnopus_peronatus
406 Gymnosporangium_clavariiforme
407 Gyrodon_lividus
408 Gyromitra_esculenta
409 Gyroporus_castaneus
410 Gyroporus_cyanescens
411 Hapalopilus_rutilans
412 Hebeloma_crustuliniforme
413 Hebeloma_mesophaeum
414 Hebeloma_radicosum
415 Hebeloma_sacchariolens
416 Hebeloma_sinapizans
417 Hebeloma_theobrominum
418 Hebeloma_velutipes
419 Helvella_acetabulum
420 Helvella_crispa
421 Helvella_elastica
422 Helvella_lacunosa
423 Helvella_leucomelaena
424 Hemimycena_cucullata
425 Hemimycena_lactea
426 Hericium_coralloides
427 Hericium_erinaceus
428 Heterobasidion_annosum
429 Hohenbuehelia_auriscalpium
430 Hohenbuehelia_fluxilis
431 Holwaya_mucida
432 Humaria_hemisphaerica
433 Hydnellum_aurantiacum
434 Hydnellum_caeruleum
435 Hydnellum_concrescens
436 Hydnellum_cumulatum
437 Hydnellum_ferrugineum
438 Hydnum_albidum
439 Hydnum_repandum
440 Hydnum_rufescens
441 Hydropus_subalpinus
442 Hygrocybe_acutoconica
443 Hygrocybe_aurantiosplendens
444 Hygrocybe_calciphila
445 Hygrocybe_cantharellus
446 Hygrocybe_ceracea
447 Hygrocybe_chlorophana
448 Hygrocybe_citrinovirens
449 Hygrocybe_coccineocrenata
450 Cuphophyllus_colemannianus
451 Hygrocybe_conica var. conica
452 Cuphophyllus_flavipes
453 Cuphophyllus_fornicatus
454 Hygrocybe_glutinipes
455 Hygrocybe_helobia
456 Neohygrocybe_ingrata
457 Hygrocybe_insipida
458 Hygrocybe_intermedia
459 Gliophorus_laetus
460 Hygrocybe_miniata var. miniata
461 Hygrocybe_mucronella
462 Neohygrocybe_nitrata
463 Hygrocybe_phaeococcinea
464 Cuphophyllus_pratensis
465 Cuphophyllus_berkeleyi
466 Gliophorus_psittacinus
467 Hygrocybe_punicea
468 Hygrocybe_quieta
469 Hygrocybe_reidii
470 Cuphophyllus_russocoriaceus
471 Hygrocybe_spadicea
472 Hygrocybe_splendidissima
473 Hygrocybe_turunda
474 Cuphophyllus_virgineus
475 Cuphophyllus_ochraceopallidus
476 Gloioxanthomyces_vitellinus
477 Hygrophoropsis_aurantiaca
478 Hygrophorus_agathosmus
479 Hygrophorus_chrysodon
480 Hygrophorus_discoxanthus
481 Hygrophorus_eburneus
482 Hygrophorus_hypothejus f. hypothejus 
483 Hygrophorus_mesotephrus
484 Hygrophorus_olivaceoalbus
485 Hygrophorus_penarius
486 Hygrophorus_persoonii
487 Hygrophorus_pustulatus
488 Hymenochaete_rubiginosa
489 Hymenoscyphus_fagineus
490 Hymenoscyphus_fructigenus
491 Hyphoderma_argillaceum
492 Hyphoderma_medioburiense
493 Hyphoderma_roseocremeum
494 Hyphoderma_setigerum
495 Hyphodontia_alutaria
496 Hyphodontia_pallidula
497 Hypholoma_capnoides
498 Hypholoma_elongatum
499 Hypholoma_fasciculare
500 Hypholoma_lateritium
501 Hypholoma_marginatum
502 Phaeonematoloma_myosotis
503 Hypholoma_radicosum
504 Hypholoma_udum
505 Hypocrea_citrina
506 Hypocrea_pulvinata
507 Hypocreopsis_lichenoides
508 Hypomyces_aurantius
509 Hypomyces_rosellus
510 Annulohypoxylon_cohaerens
511 Hypoxylon_fragiforme
512 Hypoxylon_fuscum
513 Hypoxylon_howeanum
514 Hypoxylon_macrocarpum
515 Annulohypoxylon_multiforme
516 Hypoxylon_rubiginosum
517 Inocybe_acuta
518 Inocybe_adaequata
519 Inocybe_agardhii
520 Inocybe_assimilata
521 Inocybe_asterospora
522 Inocybe_bongardii
523 Inocybe_cincinnata var. cincinnata
524 Inocybe_cincinnata var. major
525 Inocybe_cookei
526 Inocybe_corydalina
527 Inocybe_curvipes
528 Inocybe_dulcamara
529 Inocybe_erubescens
530 Inocybe_flocculosa
531 Inocybe_fraudans
532 Inocybe_fuscidula
533 Inocybe_geophylla
534 Inocybe_godeyi
535 Inocybe_griseolilacina
536 Inocybe_hirtella
537 Inocybe_lacera var. lacera
538 Inocybe_lanuginosa
539 Inocybe_maculata
540 Inocybe_mixtilis
541 Inocybe_napipes
542 Inocybe_petiginosa
543 Inocybe_rimosa
544 Inocybe_sindonia
545 Inocybe_soluta
546 Inocybe_subcarpta
547 Inocybe_whitei
548 Inonotus_cuticularis
549 Inonotus_hispidus
550 Mensularia_nodulosa
551 Inonotus_obliquus
552 Mensularia_radiata
553 Inocutis_rheades
554 Ischnoderma_benzoinum
555 Ischnoderma_resinosum
556 Kretzschmaria_deusta
557 Laccaria_amethystina
558 Laccaria_bicolor
559 Laccaria_laccata
560 Laccaria_proxima
561 Laccaria_tortilis
562 Lachnella_alboviolascens
563 Lachnellula_subtilissima
564 Lachnum_impudicum
565 Lachnum_virgineum
566 Lactarius_acerrimus
567 Lactarius_acris
568 Lactarius_albocarneus
569 Lactarius_aspideus
570 Lactarius_aurantiacus
571 Lactarius_azonites f. azonites 
572 Lactarius_blennius
573 Lactarius_camphoratus
574 Lactarius_chrysorrheus
575 Lactarius_circellatus
576 Lactarius_controversus
577 Lactarius_cyathuliformis
578 Lactarius_deliciosus
579 Lactarius_deterrimus
580 Lactarius_evosmus
581 Lactarius_fluens
582 Lactarius_fulvissimus
583 Lactarius_glyciosmus
584 Lactarius_helvus
585 Lactarius_hepaticus
586 Lactarius_lignyotus
587 Lactarius_lilacinus
588 Lactarius_mammosus
589 Lactarius_musteus
590 Lactarius_obscuratus
591 Lactarius_pallidus
592 Lactifluus_piperatus
593 Lactarius_porninsis
594 Lactarius_pterosporus
595 Lactarius_pubescens
596 Lactarius_pyrogalus
597 Lactarius_quieticolor
598 Lactarius_quietus
599 Lactarius_romagnesii
600 Lactarius_rubrocinctus
601 Lactarius_rufus
602 Lactarius_ruginosus
603 Lactarius_scoticus
604 Lactarius_serifluus
605 Lactarius_subdulcis
606 Lactarius_tabidus
607 Lactarius_torminosus
608 Lactarius_trivialis
609 Lactifluus_vellereus
610 Lactarius_vietus
611 Lactifluus_volemus
612 Laetiporus_sulphureus
613 Langermannia_gigantea
614 Laxitextum_bicolor
615 Leccinum_albostipitatum
616 Leccinellum_carpini
617 Leccinum_duriusculum
618 Leccinum_niveum
619 Leccinum_schistophilum
620 Leccinum_quercinum
621 Leccinum_scabrum
622 Leccinum_variicolor
623 Leccinum_versipelle
624 Leccinum_vulpinum
625 Lentinellus_cochleatus
626 Lentinellus_ursinus
627 Trametes_betulina
628 Leotia_lubrica
629 Echinoderma_asperum
630 Lepiota_boudieri
631 Lepiota_brunneoincarnata
632 Lepiota_castanea
633 Lepiota_clypeolaria
634 Lepiota_cristata
635 Echinoderma_echinaceum
636 Lepiota_erminea
637 Lepiota_felina
638 Lepiota_grangei
639 Lepiota_griseovirens
640 Echinoderma_jacobi
641 Lepiota_lilacea
642 Lepiota_ochraceofulva
643 Lepiota_subincarnata
644 Lepista_irina
645 Lepista_nuda
646 Lepista_sordida
647 Leptosphaeria_acuta
648 Leptosporomyces_fuscostratus
649 Leucoagaricus_leucothites var. carneifolius
650 Leucoagaricus_leucothites
651 Leucocoprinus_brebissonii
652 Leucogyrophana_mollusca
653 Aspropaxillus_giganteus
654 Limacella_guttata
655 Lycogala_epidendrum
656 Lycogala_flavofuscum
657 Lycoperdon_decipiens
658 Lycoperdon_echinatum
659 Lycoperdon_lividum
660 Lycoperdon_molle
661 Lycoperdon_nigrescens
662 Lycoperdon_perlatum
663 Lycoperdon_pyriforme
664 Lyophyllum_decastes
665 Lyophyllum_fumosum
666 Lyophyllum_paelochroum
667 Sphagnurus_paluster
668 Macrocystidia_cucumis
669 Macrolepiota_excoriata
670 Macrolepiota_mastoidea
671 Macrolepiota_procera
672 Macrotyphula_fistulosa
673 Macrotyphula_juncea
674 Marasmiellus_ramealis
675 Marasmiellus_vaillantii
676 Mycetinis_alliaceus
677 Gymnopus_androsaceus
678 Marasmius_bulliardii
679 Marasmius_cohaerens
680 Marasmius_curreyi
681 Marasmius_epiphylloides
682 Marasmius_epiphyllus
683 Marasmius_limosus
684 Marasmius_oreades
685 Gymnopus_quercophilus
686 Marasmius_rotula
687 Rhizomarasmius_setosus
688 Marasmius_torquescens
689 Marasmius_wynnei
690 Megacollybia_platyphylla
691 Melanamphora_spinifera
692 Melanoleuca_cinereifolia
693 Melanoleuca_cognata
694 Melanoleuca_exscissa var. exscissa
695 Melanoleuca_grammopodia
696 Melanoleuca_polioleuca var. polioleuca
697 Melanoleuca_polioleuca f. pusilla
698 Melanoleuca_verrucipes
699 Deconica_horizontalis
700 Melastiza_cornubiensis
701 Meripilus_giganteus
702 Merismodes_anomalus
703 Microglossum_olivaceum
704 Gymnopus_foetidus
705 Mitrula_paludosa
706 Mollisia_cinerea
707 Morchella_conica
708 Morchella_esculenta
709 Morchella_semilibera
710 Mucronella_flava
711 Mutinus_caninus
712 Mycena_abramsii
713 Mycena_acicula
714 Mycena_adonis
715 Mycena_aetites
716 Mycena_amicta
717 Mycena_arcangeliana
718 Mycena_aurantiomarginata
719 Mycena_belliae
720 Mycena_capillaripes
721 Mycena_capillaris
722 Mycena_chlorantha
723 Mycena_cinerella
724 Mycena_clavicularis
725 Mycena_crocata
726 Mycena_diosma
727 Mycena_epipterygia
728 Mycena_erubescens
729 Mycena_filopes
730 Mycena_flavescens
731 Mycena_flavoalba
732 Mycena_galericulata
733 Mycena_galopus
734 Mycena_haematopus
735 Mycena_hiemalis
736 Mycena_inclinata
737 Mycena_juniperina
738 Mycena_leptocephala
739 Mycena_metata
740 Mycena_olivaceomarginata
741 Mycena_pelianthina
742 Mycena_clavata
743 Mycena_polygramma
744 Mycena_pseudocorticola
745 Mycena_pterigena
746 Mycena_pura
747 Mycena_purpureofusca
748 Mycena_renati
749 Mycena_rosea
750 Mycena_rubromarginata
751 Mycena_sanguinolenta
752 Mycena_silvae-nigrae
753 Mycena_speirea
754 Mycena_stipata
755 Mycena_stylobates
756 Mycena_vitilis
757 Mycena_vulgaris
758 Mycena_zephirus
759 Myxarium_nucleatum
760 Naucoria_bohemica
761 Naucoria_escharioides
762 Naucoria_salicis
763 Naucoria_scolecina
764 Naucoria_subconspersa
765 Nectria_cinnabarina
766 Neottiella_rutilans
767 Nodulisporium_cecidiogenes
768 Omphalina_pyxidata
769 Otidea_alutacea
770 Otidea_concinna
771 Otidea_leporina
772 Otidea_onotica
773 Otidea_phlebophora
774 Otidea_bufonia
775 Mucidula_mucida
776 Oxyporus_obducens
777 Oxyporus_populinus
778 Panaeolus_acuminatus
779 Panaeolus_foenisecii
780 Panaeolus_fimicola
781 Panaeolus_olivaceus
782 Panaeolus_papilionaceus
783 Panaeolus_semiovatus
784 Panellus_mitis
785 Panellus_stipticus
786 Paxillus_filamentosus
787 Paxillus_involutus
788 Peniophora_cinerea
789 Peniophora_incarnata
790 Peniophora_limitata
791 Peniophora_lycii
792 Peniophora_polygonia
793 Peniophora_quercina
794 Peniophora_rufomarginata
795 Perenniporia_fraxinea
796 Peziza_arvernensis
797 Peziza_badia
798 Peziza_fimeti
799 Peziza_succosa
800 Peziza_varia
801 Peziza_vesiculosa
802 Phaeolepiota_aurea
803 Phaeolus_schweinitzii
804 Phaeomarasmius_erinaceus
805 Phallus_hadriani
806 Phallus_impudicus
807 Phanerochaete_velutina
808 Fuscoporia_ferrea
809 Fuscoporia_ferruginosa
810 Phellinus_igniarius
811 Phellinus_lundellii
812 Porodaedalea_pini
813 Phellinus_populicola
814 Fomitiporia_punctata
815 Fomitiporia_robusta
816 Phellinus_tremulae
817 Phellodon_niger
818 Phellodon_tomentosus
819 Phlebia_fuscoatra
820 Phlebia_radiata
821 Phlebia_rufa
822 Phlebia_tremellosa
823 Phlebia_uda
824 Phlebiopsis_gigantea
825 Phleogena_faginea
826 Flammula_alnicola
827 Pholiota_astragalina
828 Pholiota_conissans
829 Pholiota_flammans
830 Pholiota_gummosa
831 Pholiota_highlandensis
832 Pholiota_jahnii
833 Pholiota_lenta
834 Hemipholiota_populnea
835 Pholiota_scamba
836 Pholiota_squarrosa
837 Pholiota_tuberculosa
838 Pholiotina_velata
839 Phragmidium_mucronatum
840 Phylloporia_ribis
841 Phyllotopsis_nidulans
842 Physalacria_cryptomeriae
843 Physisporinus_sanguinolentus
844 Physisporinus_vitreus
845 Piptoporus_betulinus
846 Pithya_cupressina
847 Pithya_vulgaris
848 Pleurocybella_porrigens
849 Pleurotus_dryinus
850 Pleurotus_ostreatus
851 Pleurotus_pulmonarius
852 Plicatura_crispa
853 Pluteus_atromarginatus
854 Pluteus_cervinus
855 Pluteus_cinereofuscus
856 Pluteus_ephebeus
857 Pluteus_hispidulus
858 Pluteus_leoninus
859 Pluteus_luctuosus
860 Pluteus_nanus
861 Pluteus_pellitus
862 Pluteus_petasatus
863 Pluteus_phlebophorus
864 Pluteus_plautus
865 Pluteus_pouzarianus
866 Pluteus_romellii
867 Pluteus_roseipes
868 Pluteus_salicinus
869 Pluteus_semibulbosus
870 Pluteus_thomsonii
871 Pluteus_umbrosus var. umbrosus 
872 Polyporus_tuberaster
873 Porphyrellus_porphyrosporus
874 Postia_caesia
875 Oligoporus_fragilis
876 Oligoporus_guttulatus
877 Oligoporus_ptychogaster
878 Oligoporus_stipticus
879 Postia_alni
880 Postia_lactea
881 Psathyrella_ammophila
882 Psathyrella_fibrillosa
883 Psathyrella_candolleana
884 Homophron_cernuum
885 Parasola_conopilus
886 Psathyrella_corrugis
887 Psathyrella_cotonea
888 Psathyrella_impexa
889 Coprinopsis_marcescibilis
890 Psathyrella_microrrhiza
891 Psathyrella_multipedata
892 Psathyrella_obtusata
893 Psathyrella_piluliformis
894 Psathyrella_pseudogracilis
895 Psathyrella_pygmaea
896 Homophron_spadiceum
897 Psathyrella_spadiceogrisea
898 Pseudoclitocybe_cyathiformis
899 Pseudoclitocybe_expallens
900 Pseudohydnum_gelatinosum
901 Pseudoplectania_nigrella
902 Deconica_inquilina
903 Deconica_montana
904 Psilocybe_semilanceata
905 Deconica_subviscida
906 Pterula_multifida
907 Puccinia_punctiformis
908 Pucciniastrum_areolatum
909 Pycnoporellus_fulgens
910 Pycnoporus_cinnabarinus
911 Ramaria_botrytis
912 Ramaria_fagetorum
913 Ramaria_formosa
914 Ramaria_pallida
915 Ramaria_sanguinea
916 Ramaria_stricta
917 Ramariopsis_crocea
918 Ramariopsis_kunzei
919 Resinicium_bicolor
920 Resupinatus_applicatus
921 Resupinatus_trichotis
922 Rhizina_undulata
923 Rhizopogon_obtextus
924 Rhodocollybia_maculata
925 Rhytisma_acerinum
926 Rhytisma_salicinum
927 Rickenella_fibula
928 Rickenella_swartzii
929 Ripartites_tricholoma
930 Rosellinia_corticium
931 Russula_acrifolia
932 Russula_adusta
933 Russula_aeruginea
934 Russula_alnetorum
935 Russula_amoenolens
936 Russula_anthracina
937 Russula_aquosa
938 Russula_atrorubens
939 Russula_aurea
940 Russula_betularum
941 Russula_brunneoviolacea
942 Russula_carpini
943 Russula_cessans
944 Russula_chloroides
945 Russula_cuprea
946 Russula_curtipes
947 Russula_cyanoxantha
948 Russula_decolorans
949 Russula_delica
950 Russula_densifolia
951 Russula_clavipes
952 Russula_emetica
953 Russula_faginea
954 Russula_farinipes
955 Russula_fellea
956 Russula_foetens
957 Russula_fragilis var. fragilis
958 Russula_gracillima
959 Russula_grata
960 Russula_graveolens
961 Russula_grisea
962 Russula_heterophylla
963 Russula_illota
964 Russula_integra
965 Russula_ionochlora
966 Russula_laccata
967 Russula_laeta
968 Russula_luteotacta
969 Russula_mairei
970 Russula_melliolens
971 Russula_nauseosa
972 Russula_nigricans
973 Russula_nitida
974 Russula_ochroleuca
975 Russula_odorata
976 Russula_olivacea
977 Russula_paludosa
978 Russula_parazurea
979 Russula_pectinatoides
980 Russula_pelargonia
981 Russula_pseudointegra
982 Russula_puellaris
983 Russula_queletii
984 Russula_risigallina
985 Russula_romellii
986 Russula_lepida
987 Russula_roseoaurantia
988 Russula_sanguinea
989 Russula_sardonia
990 Russula_solaris
991 Russula_sororia
992 Russula_subrubens
993 Russula_undulata
994 Russula_velenovskyi
995 Russula_velutipes
996 Russula_versicolor
997 Russula_vesca
998 Russula_veternosa
999 Russula_vinosa
1000 Russula_violeipes
1001 Russula_virescens
1002 Russula_viscida
1003 Russula_xerampelina
1004 Rutstroemia_firma
1005 Sarcodon_imbricatus
1006 Sarcodon_squamosus
1007 Sarcoscypha_austriaca
1008 Sarcoscypha_coccinea
1009 Schizophyllum_commune
1010 Scleroderma_areolatum
1011 Scleroderma_bovista
1012 Scleroderma_citrinum
1013 Scleroderma_verrucosum
1014 Scopuloides_rimosa
1015 Scutellinia_scutellata
1016 Scytinostroma_hemidichophyticum
1017 Serpula_himantioides
1018 Simocybe_sumptuosa
1019 Sistotrema_brinkmannii
1020 Sistotrema_confluens
1021 Skeletocutis_amorpha
1022 Skeletocutis_carneogrisea
1023 Skeletocutis_nivea
1024 Sparassis_crispa
1025 Spathularia_flavida
1026 Sphaerobolus_stellatus
1027 Spinellus_fusiger
1028 Steccherinum_fimbriatum
1029 Steccherinum_ochraceum
1030 Steccherinum_oreophilum
1031 Stereum_gausapatum
1032 Stereum_hirsutum
1033 Stereum_rugosum
1034 Stereum_sanguinolentum
1035 Stereum_subtomentosum
1036 Strobilomyces_strobilaceus
1037 Strobilurus_esculentus
1038 Strobilurus_stephanocystis
1039 Strobilurus_tenacellus
1040 Stropharia_aeruginosa
1041 Stropharia_coronilla
1042 Stropharia_cyanea
1043 Stropharia_hornemannii
1044 Stropharia_inuncta
1045 Leratiomyces_percevalii
1046 Stropharia_pseudocyanea
1047 Stropharia_rugosoannulata
1048 Protostropharia_semiglobata
1049 Leratiomyces_squamosus
1050 Suillus_viscidus
1051 Suillus_bovinus
1052 Suillus_collinitus
1053 Suillus_flavidus
1054 Suillus_granulatus
1055 Suillus_grevillei var. grevillei 
1056 Suillus_luteus
1057 Suillus_variegatus
1058 Syzygospora_tumefaciens
1059 Taphrina_betulina
1060 Taphrina_pruni
1061 Tapinella_atrotomentosa
1062 Tapinella_panuoides
1063 Tarzetta_cupularis
1064 Thelephora_anthocephala
1065 Thelephora_caryophyllea
1066 Thelephora_palmata
1067 Thelephora_penicillata
1068 Thelephora_terrestris
1069 Trametes_gibbosa
1070 Trametes_hirsuta
1071 Trametes_ochracea
1072 Trametes_versicolor
1073 Trechispora_hymenocystis
1074 Tremella_encephala
1075 Tremella_foliacea
1076 Tremella_mesenterica
1077 Tremiscus_helvelloides
1078 Trichaptum_abietinum
1079 Trichaptum_fuscoviolaceum
1080 Trichoglossum_hirsutum
1081 Tricholoma_aestuans
1082 Tricholoma_albobrunneum
1083 Tricholoma_album
1084 Tricholoma_argyraceum
1085 Tricholoma_arvernense
1086 Tricholoma_squarrulosum
1087 Tricholoma_aurantium
1088 Tricholoma_basirubens
1089 Tricholoma_batschii
1090 Tricholoma_cingulatum
1091 Tricholoma_columbetta
1092 Tricholoma_equestre
1093 Tricholoma_fulvum
1094 Tricholoma_imbricatum
1095 Tricholoma_lascivum
1096 Tricholoma_matsutake
1097 Tricholoma_orirubens
1098 Tricholoma_pessundatum
1099 Tricholoma_populinum
1100 Tricholoma_portentosum
1101 Tricholoma_psammopus
1102 Tricholoma_saponaceum var. saponaceum 
1103 Tricholoma_scalpturatum
1104 Tricholoma_sciodes
1105 Tricholoma_sejunctum
1106 Tricholoma_stans
1107 Tricholoma_stiparophyllum
1108 Tricholoma_sulphureum
1109 Tricholoma_terreum
1110 Tricholoma_ustale
1111 Tricholomopsis_decora
1112 Tricholomopsis_rutilans
1113 Trichopeziza_leucophaea
1114 Tubaria_conspersa
1115 Tubaria_dispersa
1116 Tubaria_furfuracea
1117 Tubifera_ferruginosa
1118 Tulasnella_violea
1119 Tulostoma_brumale
1120 Tylopilus_felleus
1121 Typhula_erythropus
1122 Typhula_gyrans
1123 Tyromyces_chioneus
1124 Lycoperdon_pratense
1125 Verpa_conica
1126 Volvariella_bombycina
1127 Volvariella_hypopithys
1128 Volvariella_surrecta
1129 Vuilleminia_comedens
1130 Vuilleminia_coryli
1131 Vuilleminia_cystidiata
1132 Xeromphalina_campanella
1133 Xerula_pudens
1134 Hymenopellis_radicata
1135 Xylaria_carpophila
1136 Xylaria_hypoxylon
1137 Xylaria_longipes
1138 Xylaria_polymorpha
1139 Cladonia_diversa
1140 Cladonia_scabriuscula
1141 Evernia_prunastri
1142 Hypogymnia_physodes
1143 Hypogymnia_tubulosa
1144 Lecanora_chlarotera
1145 Protoparmeliopsis_muralis
1146 Lecidella_elaeochroma
1147 Lobaria_pulmonaria
1148 Parmelia_sulcata
1149 Peltigera_didactyla
1150 Peltigera_hymenina
1151 Physcia_adscendens
1152 Physcia_tenella
1153 Ramalina_fastigiata
1154 Xanthoria_parietina
1155 Amanita_citrina var. alba
1156 Armillaria_lutea
1157 Xerocomus_ferrugineus
1158 Byssomerulius_corium
1159 Calocybe_carnea
1160 Calocybe_ionides
1161 Chrysomphalina_grossula
1162 Clavaria_falcata
1163 Clavulina_coralloides
1164 Clavulinopsis_umbrinella
1165 Cortinarius_emollitus
1166 Cortinarius_puniceus
1167 Cortinarius_xanthocephalus
1168 Dermoloma_pseudocuneifolium
1169 Entoloma_sericeum var. cinereo-opacum
1170 Galerina_hybrida
1171 Galerina_sideroides
1172 Galerina_uncialis
1173 Gymnosporangium_sabinae
1174 Gyromitra_gigas
1175 Lycoperdon_excipuliforme
1176 Lycoperdon_utriforme
1177 Helvella_macropus
1178 Hygrophoropsis_pallida
1179 Hygrophorus_unicolor
1180 Hymenoscyphus_calyculus
1181 Junghuhnia_nitida
1182 Kuehneromyces_mutabilis
1183 Lacrymaria_lacrymabunda
1184 Lacrymaria_pyrotricha
1185 Lactarius_necator
1186 Lepiota_magnispora
1187 Lepista_panaeolus
1188 Macrolepiota_fuliginosa
1189 Mycetinis_querceus
1190 Melanophyllum_haematospermum
1191 Morchella_vulgaris
1192 Mycena_epipterygia var. epipterigioides
1193 Mycena_galopus var. nigra
1194 Mycena_olida
1195 Mycena_tintinnabulum
1196 Neolentinus_lepideus
1197 Panaeolus_subfirmus
1198 Panus_conchatus
1199 Fomitiporia_hippophaeicola
1200 Phellinus_pomaceus
1201 Pholiota_adiposa
1202 Propolis_farinosa
1203 Deconica_crobula
1204 Deconica_phyllogena
1205 Radulomyces_confluens
1206 Resinomycena_saccharifera
1207 Russula_caerulea
1208 Russula_claroflava
1209 Russula_depallens
1210 Schizophyllum_amplum
1211 Simocybe_haustellaris
1212 Taphrina_amentorum
1213 Tephrocybe_rancida
1214 Tremella_versicolor
1215 Tricholoma_apium
1216 Diatrype_decorticata
1217 Parasola_plicatilis
1218 Parasola_lactea
1219 Parasola_kuehneri
1220 Parasola_auricoma
1221 Parasola_misera
1222 Parasola_schroeteri
1223 Gamundia_striatula
1224 Pholiotina_aporos
1225 Pholiotina_arrhenii
1226 Rhodocollybia_butyracea f. asema
1227 Leucoagaricus_nympharum
1228 Cortinarius_balteatocumatilis
1229 Chlorophyllum_rhacodes
1230 Paxillus_obscurisporus
1231 Hygrocybe_konradii
1232 Lyomyces_sambuci
1233 Craterellus_undulatus
1234 Lepista_saeva
1235 Phylloporus_pelletieri
1236 Sarcomyxa_serotina
1237 Cystodermella_cinnabarina
1238 Octaviania_asterosperma
1239 Hydnum_umbilicatum ss auct. eur.
1240 Hypocrea_minutispora
1241 Gyromitra_ancilis
1242 Hypocrea_leucopus
1243 Meottomyces_dissimulans
1244 Inocybe_erinaceomorpha
1245 Hebeloma_laterinum
1246 Lichenomphalia_umbellifera
1247 Arrhenia_gerardiana
1248 Bolbitius_reticulatus f. aleuriatus
1249 Pholiotina_teneroides
1250 Ampulloclitocybe_clavipes
1251 Hygrocybe_conicoides
1252 Gliophorus_perplexus
1253 Coprinellus_micaceus
1254 Coprinellus_flocculosus
1255 Coprinellus_xanthothrix
1256 Coprinellus_domesticus
1257 Coprinellus_disseminatus
1258 Coprinopsis_romagnesiana
1259 Coprinopsis_atramentaria
1260 Coprinopsis_acuminata
1261 Coprinopsis_lagopus
1262 Coprinopsis_picacea
1263 Coprinopsis_stercorea
1264 Coprinopsis_martinii
1265 Coprinopsis_laanii
1266 Coprinopsis_nivea
1267 Xerocomellus_cisalpinus
1268 Hypoxylon_petriniae
1269 Mycetinis_scorodonius
1270 Roridomyces_roridus
1271 Agrocybe_rivulosa
1272 Hygrocybe_coccinea
1273 Crucibulum_crucibuliforme
1274 Loreleia_marchantia
1275 Melanoleuca_friesii
1276 Melanoleuca_brevipes
1277 Cortinarius_luhmannii
1278 Tricholoma_frondosae
1279 Flammulina_elastica
1280 Inocybe_lilacina
1281 Amanita_phalloides
1282 Amanita_rubescens
1283 Amanita_vaginata
1284 Clitocybe_nebularis
1285 Cortinarius_emollitoides
1286 Cortinarius_lepistoides
1287 Cortinarius_multiformium
1288 Agaricus_essettei
1289 Cortinarius_uliginosus
1290 Entoloma_chalybaeum
1291 Entoloma_sericeum
1292 Flammulina_velutipes
1293 Chlorophyllum_brunneum
1294 Chlorophyllum_olivieri
1295 Inocybe_perlata
1296 Psathyrella_bipellis
1297 Psathyrella_rubiginosa
1298 Leccinum_cyaneobasileucum
1299 Tricholoma_vaccinum
1300 Inocybe_stellatospora
1301 Hemipholiota_heteroclita
1302 Hygrocybe_conica
1303 Hygrocybe_miniata
1304 Inocybe_cincinnata
1305 Inocybe_lacera
1306 Lactarius_azonites
1307 Melanoleuca_exscissa
1308 Melanoleuca_polioleuca
1309 Pluteus_primus
1310 Pluteus_umbrosus
1311 Russula_fragilis
1312 Russula_globispora
1313 Suillus_cavipes
1314 Suillus_grevillei
1315 Hydnum_ellipsosporum
1316 Antrodiella_faginea
1317 Cortinarius_sphagnophilus
1318 Crepidotus_stenocystis
1319 Illosporiopsis_christiansenii
1320 Tricholoma_saponaceum
1321 Galerina_vittiformis f. bispora
1322 Arrhenia_peltigerina
1323 Gymnopus_fuscopurpureus
1324 Mycena_tenerrima
1325 Pleurotus_ostreatus var. praecox
1326 Ceratiomyxa_fruticulosa var. porioides
1327 Ciboria_amentacea
1328 Phlebiella_vaga
1329 Tricholoma_inocybeoides
1330 Hymenoscyphus_fraxineus
1331 Frantisekia_mentschulensis
1332 Callistosporium_pinicola
1333 Cortinarius_anomalus
1334 Inocybe_rimosa
1335 Hygrocybe_acutoconica sensu lato
1336 Rhodocybe_caelata
1337 Rhodocybe_gemina
1338 Microglossum_griseoviride
1339 Paxillus_ammoniavirescens
1340 Mycena_luteovariegata
1341 Suillellus_luridus
1342 Suillellus_queletii
1343 Rubroboletus_satanas
1344 Rubroboletus_legaliae
1345 Amanita_citrina
1346 Flammulaster_limulatus
1347 Amyloporia_xantha
1348 Glutinoglossum_glutinosum
1349 Sagaranella_tylicolor
1350 Myochromella_boudieri
1351 Sidera_vulgaris
1352 Hortiboletus_engelii
1353 Leucocybe_candicans
1354 Leucocybe_connata
1355 Butyriboletus_fuscoroseus
1356 Volvopluteus_gloiocephalus
1357 Gliophorus_irrigatus
1358 Clitocella_popinalis
1359 Gymnopus_perforans
1360 Osmoporus_odoratus
1361 Paralepista_flaccida
1362 Paralepista_gilva
1363 Peniophorella_praetermissa
1364 Peniophorella_pubera
1365 Granulobasidium_vellereum
1366 Cartilosoma_ramentaceum
1367 Hymenochaetopsis_tabacina
1368 Neoboletus_luridiformis var. pseudosulphureus
1369 Cyclocybe_erebia
1370 Pseudoinonotus_dryadeus
1371 Lentinus_brumalis
1372 Lentinus_substrictus
1373 Picipes_badius
1374 Picipes_melanopus
1375 Picipes_tubaeformis
1376 Cladomeris_umbellata
1377 Cerioporus_squamosus
1378 Cerioporus_varius
1379 Phellinopsis_conchata
1380 Exidia_nigricans
1381 Phaeoclavulina_abietina
1382 Phaeoclavulina_eumorpha
1383 Amyloporia_sinuosa
1384 Sutorius_luridiformis
1385 Phellodon_connatus
1386 Xylodon_brevisetus
1387 Lyomyces_crustosus
1388 Xylodon_flaviporus (Berk. & M.A. Curtis) Riebesehl & E. Langer
1389 Xylodon_nespori
1390 Xylodon_paradoxus
1391 Xylodon_raduloides
1392 Aureoboletus_projectellus
1393 Ombrophila_pura
